{"cameraMode":{"drawMode":0,"name":"Shaded","section":"Shading Mode"},"sceneLighting":false,"audioPlay":false,"sceneViewState":{"m_AlwaysRefresh":false,"showFog":true,"showSkybox":false,"showFlares":true,"showImageEffects":true,"showParticleSystems":true,"showVisualEffectGraphs":true,"m_FxEnabled":true},"in2DMode":false,"pivot":{"x":0.0643310546875,"y":0.002471923828125,"z":-0.006550000514835119},"rotation":{"x":-0.07879969477653504,"y":0.021207846701145173,"z":-0.001686408999375999,"w":-0.9966797232627869},"size":0.9346193075180054,"orthographic":false}