{"cameraMode":{"drawMode":0,"name":"Shaded","section":"Shading Mode"},"sceneLighting":false,"audioPlay":false,"sceneViewState":{"m_AlwaysRefresh":false,"showFog":true,"showSkybox":true,"showFlares":true,"showImageEffects":true,"showParticleSystems":true,"showVisualEffectGraphs":true,"m_FxEnabled":true},"in2DMode":false,"pivot":{"x":0.06238776072859764,"y":1.6232303380966187,"z":0.6926820874214172},"rotation":{"x":0.06534769386053086,"y":-0.010477329604327679,"z":0.0006860546418465674,"w":0.9978082776069641},"size":0.23572099208831788,"orthographic":false}