{"cameraMode":{"drawMode":0,"name":"Shaded","section":"Shading Mode"},"sceneLighting":false,"audioPlay":false,"sceneViewState":{"m_AlwaysRefresh":false,"showFog":true,"showSkybox":true,"showFlares":true,"showImageEffects":true,"showParticleSystems":true,"showVisualEffectGraphs":true,"m_FxEnabled":true},"in2DMode":false,"pivot":{"x":0.01282791793346405,"y":1.6092801094055176,"z":0.7087788581848145},"rotation":{"x":-0.02280728705227375,"y":0.00959666445851326,"z":-0.00020518018573056906,"w":-0.9997155666351318},"size":0.36366355419158938,"orthographic":false}