{"cameraMode":{"drawMode":0,"name":"Shaded","section":"Shading Mode"},"sceneLighting":false,"audioPlay":false,"sceneViewState":{"m_AlwaysRefresh":false,"showFog":true,"showSkybox":true,"showFlares":true,"showImageEffects":true,"showParticleSystems":true,"showVisualEffectGraphs":true,"m_FxEnabled":true},"in2DMode":false,"pivot":{"x":-0.0225580595433712,"y":1.8074842691421509,"z":0.6495364904403687},"rotation":{"x":-0.10450375080108643,"y":-0.3369521498680115,"z":0.03765809163451195,"w":-0.9349648952484131},"size":0.09148858487606049,"orthographic":false}