{"cameraMode":{"drawMode":0,"name":"Shaded","section":"Shading Mode"},"sceneLighting":false,"audioPlay":false,"sceneViewState":{"m_AlwaysRefresh":false,"showFog":true,"showSkybox":true,"showFlares":true,"showImageEffects":true,"showParticleSystems":true,"showVisualEffectGraphs":true,"m_FxEnabled":true},"in2DMode":false,"pivot":{"x":0.03222239390015602,"y":1.4404877424240113,"z":0.8970504403114319},"rotation":{"x":0.60422682762146,"y":0.013145789504051209,"z":-0.009970648214221,"w":0.7966421246528626},"size":1.4972745180130005,"orthographic":false}