{"cameraMode":{"drawMode":0,"name":"Shaded","section":"Shading Mode"},"sceneLighting":false,"audioPlay":false,"sceneViewState":{"m_AlwaysRefresh":false,"showFog":true,"showSkybox":true,"showFlares":true,"showImageEffects":true,"showParticleSystems":true,"showVisualEffectGraphs":true,"m_FxEnabled":true},"in2DMode":false,"pivot":{"x":-0.22154264152050019,"y":2.1420793533325197,"z":0.9037295579910278},"rotation":{"x":-0.23105831444263459,"y":0.1588147133588791,"z":-0.03825640305876732,"w":-0.9591333270072937},"size":1.0508277416229249,"orthographic":false}