{"cameraMode":{"drawMode":0,"name":"Shaded","section":"Shading Mode"},"sceneLighting":false,"audioPlay":false,"sceneViewState":{"m_AlwaysRefresh":false,"showFog":true,"showSkybox":true,"showFlares":true,"showImageEffects":true,"showParticleSystems":true,"showVisualEffectGraphs":true,"m_FxEnabled":true},"in2DMode":false,"pivot":{"x":0.046660054475069049,"y":-0.007205359172075987,"z":0.035369787365198138},"rotation":{"x":-0.031800612807273868,"y":-0.017392387613654138,"z":0.0005456703365780413,"w":-0.9993715286254883},"size":0.10253003239631653,"orthographic":false}